"","words","freq"
"1","java",75
"2","new",52
"3","data",39
"4","code",38
"5","int",34
"6","applet",30
"7","class",29
"8","button",28
"9","array",25
"10","objects",24
"11","method",23
"12","object",23
"13","public",22
"14","example",19
"15","string",19
"16","language",15
"17","memory",15
"18","null",15
"19","return",15
"20","types",14
"21","use",14
"22","void",14
"23","comments",13
"24","browser",12
"25","may",12
"26","primitive",12
"27","program",12
"28","allocate",11
"29","can",11
"30","applets",10
"31","following",10
"32","garbage",10
"33","pointer",10
"34","runtime",10
"35","stack",10
"36","adata",9
"37","applications",9
"38","called",9
"39","file",9
"40","make",9
"41","methods",9
"42","operator",9
"43","reference",9
"44","system",9
"45","two",9
"46","byte",8
"47","collection",8
"48","init",8
"49","programs",8
"50","stat",8
"51","variables",8
"52","arrays",7
"53","bdata",7
"54","bits",7
"55","constant",7
"56","element",7
"57","one",7
"58","parameters",7
"59","pointers",7
"60","type",7
"61","equivalent",6
"62","heap",6
"63","literal",6
"64","note",6
"65","refer",6
"66","strings",6
"67","value",6
"68","boolean",5
"69","buttonok",5
"70","buttons",5
"71","cstyle",5
"72","elements",5
"73","executed",5
"74","expressions",5
"75","import",5
"76","instance",5
"77","passed",5
"78","portable",5
"79","predefined",5
"80","semantics",5
"81","similar",5
"82","source",5
"83","statements",5
"84","static",5
"85","threads",5
"86","used",5
"87","using",5
"88","allocates",4
"89","animations",4
"90","args",4
"91","blah",4
"92","booleanexpr",4
"93","calloc",4
"94","comment",4
"95","compiler",4
"96","consider",4
"97","create",4
"98","definition",4
"99","definitions",4
"100","effect",4
"101","else",4
"102","execution",4
"103","final",4
"104","however",4
"105","integer",4
"106","ints",4
"107","library",4
"108","main",4
"109","makes",4
"110","must",4
"111","need",4
"112","platform",4
"113","simple",4
"114","sizeofbutton",4
"115","start",4
"116","stop",4
"117","tag",4
"118","therefore",4
"119","true",4
"120","version",4
"121","write",4
"122","www",4
"123","always",3
"124","appletviewer",3
"125","application",3
"126","arithmetic",3
"127","assigned",3
"128","automatic",3
"129","automatically",3
"130","bfoobutton",3
"131","call",3
"132","classes",3
"133","collector",3
"134","compilation",3
"135","contrast",3
"136","convert",3
"137","copy",3
"138","creates",3
"139","dataint",3
"140","default",3
"141","define",3
"142","defined",3
"143","defines",3
"144","description",3
"145","destroy",3
"146","double",3
"147","drawn",3
"148","easily",3
"149","either",3
"150","every",3
"151","examples",3
"152","exception",3
"153","extends",3
"154","false",3
"155","first",3
"156","float",3
"157","fooint",3
"158","function",3
"159","gui",3
"160","include",3
"161","item",3
"162","javaappletapplet",3
"163","length",3
"164","look",3
"165","loop",3
"166","machine",3
"167","messages",3
"168","nothing",3
"169","operators",3
"170","output",3
"171","paintgraphics",3
"172","param",3
"173","parameter",3
"174","point",3
"175","programming",3
"176","references",3
"177","reside",3
"178","resources",3
"179","shows",3
"180","statement",3
"181","structure",3
"182","style",3
"183","typename",3
"184","width",3
"185","will",3
"186","within",3
"187","access",2
"188","accessing",2
"189","added",2
"190","addition",2
"191","addresses",2
"192","allocated",2
"193","arguments",2
"194","available",2
"195","bad",2
"196","behavior",2
"197","bounds",2
"198","break",2
"199","buttonquit",2
"200","calls",2
"201","case",2
"202","causes",2
"203","char",2
"204","checking",2
"205","clone",2
"206","codeappletnameclass",2
"207","comparison",2
"208","components",2
"209","const",2
"210","constants",2
"211","contain",2
"212","containing",2
"213","contains",2
"214","continue",2
"215","ddata",2
"216","declarations",2
"217","declare",2
"218","delimited",2
"219","dereference",2
"220","dispose",2
"221","document",2
"222","documentation",2
"223","done",2
"224","dont",2
"225","dynamically",2
"226","employee",2
"227","equal",2
"228","etc",2
"229","expr",2
"230","features",2
"231","form",2
"232","freed",2
"233","getparameterp",2
"234","handling",2
"235","hardware",2
"236","height",2
"237","host",2
"238","html",2
"239","ieee",2
"240","ignored",2
"241","illustrate",2
"242","initialized",2
"243","instanceof",2
"244","instantiated",2
"245","instantiates",2
"246","instead",2
"247","intconstexpr",2
"248","interpreted",2
"249","invoke",2
"250","invoked",2
"251","just",2
"252","labels",2
"253","leave",2
"254","level",2
"255","lifecycle",2
"256","like",2
"257","line",2
"258","longer",2
"259","mainstring",2
"260","namelist",2
"261","namep",2
"262","now",2
"263","opening",2
"264","optional",2
"265","part",2
"266","particular",2
"267","placed",2
"268","points",2
"269","prints",2
"270","robust",2
"271","second",2
"272","section",2
"273","secure",2
"274","set",2
"275","settitlea",2
"276","simply",2
"277","sockets",2
"278","space",2
"279","specify",2
"280","standard",2
"281","state",2
"282","subclass",2
"283","suffix",2
"284","suspend",2
"285","switch",2
"286","syntax",2
"287","systemoutprintlnp",2
"288","task",2
"289","test",2
"290","text",2
"291","time",2
"292","trivialapplet",2
"293","trivialapplication",2
"294","unicode",2
"295","unit",2
"296","unlike",2
"297","values",2
"298","variable",2
"299","variablename",2
"300","vector",2
"301","way",2
"302","web",2
"303","wide",2
"304","window",2
"305","world",2
"306","written",2
"307","yet",2
"308","abclength",1
"309","accompanying",1
"310","ack",1
"311","aclass",1
"312","aclone",1
"313","across",1
"314","address",1
"315","advantage",1
"316","aequalsb",1
"317","ajava",1
"318","align",1
"319","allocation",1
"320","allow",1
"321","allowed",1
"322","alreadyexisting",1
"323","also",1
"324","alt",1
"325","another",1
"326","anything",1
"327","aplications",1
"328","appletgetparameterp",1
"329","applettemplate",1
"330","applies",1
"331","apply",1
"332","appropriate",1
"333","archives",1
"334","area",1
"335","argument",1
"336","arrayindexoutofboundsexception",1
"337","assignment",1
"338","assignments",1
"339","attempting",1
"340","avoid",1
"341","awt",1
"342","back",1
"343","bar",1
"344","basic",1
"345","becomes",1
"346","begin",1
"347","bind",1
"348","bit",1
"349","bitmaps",1
"350","blank",1
"351","block",1
"352","body",1
"353","brackets",1
"354","bring",1
"355","broad",1
"356","burden",1
"357","bytecode",1
"358","calling",1
"359","callocmalloc",1
"360","callocsizeofbutton",1
"361","cause",1
"362","ccconstant",1
"363","character",1
"364","classmethodargs",1
"365","classpath",1
"366","cleanup",1
"367","cloneable",1
"368","closing",1
"369","codebase",1
"370","collectionno",1
"371","combination",1
"372","come",1
"373","command",1
"374","commentary",1
"375","commenting",1
"376","common",1
"377","compared",1
"378","compile",1
"379","complete",1
"380","completely",1
"381","complexity",1
"382","computer",1
"383","concatenate",1
"384","concatenated",1
"385","consequence",1
"386","considered",1
"387","constructor",1
"388","contained",1
"389","content",1
"390","context",1
"391","convention",1
"392","conversions",1
"393","converted",1
"394","copyassignment",1
"395","corner",1
"396","corruptsteal",1
"397","crashes",1
"398","created",1
"399","creating",1
"400","creation",1
"401","current",1
"402","datatype",1
"403","deallocated",1
"404","deallocates",1
"405","deallocating",1
"406","declaration",1
"407","deep",1
"408","defense",1
"409","deiconify",1
"410","demand",1
"411","depotmainsrcedumodulesjavabasicsjavabasicsmml",1
"412","designed",1
"413","details",1
"414","diagram",1
"415","difference",1
"416","differences",1
"417","differently",1
"418","difficult",1
"419","directly",1
"420","directories",1
"421","discussed",1
"422","disks",1
"423","display",1
"424","displays",1
"425","distributed",1
"426","dlls",1
"427","dowhile",1
"428","draw",1
"429","drawing",1
"430","dynamic",1
"431","effects",1
"432","efficiency",1
"433","efficient",1
"434","effort",1
"435","end",1
"436","environment",1
"437","environments",1
"438","equality",1
"439","equals",1
"440","equalsdata",1
"441","errorprone",1
"442","errors",1
"443","exceptionsjava",1
"444","execute",1
"445","figure",1
"446","files",1
"447","fill",1
"448","find",1
"449","fiveelement",1
"450","flavors",1
"451","follows",1
"452","foo",1
"453","forget",1
"454","formats",1
"455","forms",1
"456","fragments",1
"457","frame",1
"458","free",1
"459","freeing",1
"460","gdrawstringhello",1
"461","generate",1
"462","generic",1
"463","getparameterwidth",1
"464","giant",1
"465","group",1
"466","guaranteed",1
"467","handle",1
"468","handled",1
"469","happens",1
"470","hard",1
"471","harm",1
"472","heighth",1
"473","hello",1
"474","hexadecimal",1
"475","highest",1
"476","hspace",1
"477","iconify",1
"478","idefg",1
"479","ignore",1
"480","iii",1
"481","ill",1
"482","illegal",1
"483","img",1
"484","immediately",1
"485","implementor",1
"486","implements",1
"487","implied",1
"488","inaccessible",1
"489","including",1
"490","incorrect",1
"491","independent",1
"492","index",1
"493","inflexible",1
"494","initb",1
"495","initial",1
"496","initialize",1
"497","initializers",1
"498","instantiate",1
"499","integermaxvalue",1
"500","integerparseintarray",1
"501","integrate",1
"502","intentionally",1
"503","interesting",1
"504","interface",1
"505","interfaces",1
"506","internally",1
"507","internet",1
"508","interpreter",1
"509","intexpr",1
"510","invalid",1
"511","isnt",1
"512","issue",1
"513","javaawt",1
"514","javaawtgraphics",1
"515","javacompatible",1
"516","javadoc",1
"517","jim",1
"518","jumping",1
"519","keyword",1
"520","keywords",1
"521","know",1
"522","labeljava",1
"523","lack",1
"524","latest",1
"525","leading",1
"526","leads",1
"527","leakage",1
"528","leaked",1
"529","leaks",1
"530","leaves",1
"531","left",1
"532","libraries",1
"533","life",1
"534","likehtmlapplet",1
"535","limited",1
"536","lines",1
"537","link",1
"538","linked",1
"539","linking",1
"540","list",1
"541","listed",1
"542","literals",1
"543","loadable",1
"544","loader",1
"545","local",1
"546","long",1
"547","looks",1
"548","lowercase",1
"549","lowest",1
"550","mac",1
"551","machineindependent",1
"552","machinesa",1
"553","major",1
"554","making",1
"555","mandatory",1
"556","many",1
"557","market",1
"558","means",1
"559","members",1
"560","menu",1
"561","menus",1
"562","methodapplet",1
"563","methodsrobustness",1
"564","mml",1
"565","modified",1
"566","much",1
"567","multidimensional",1
"568","multiple",1
"569","named",1
"570","namen",1
"571","native",1
"572","navigator",1
"573","necessarymethod",1
"574","needed",1
"575","needs",1
"576","nested",1
"577","netscape",1
"578","next",1
"579","nonportable",1
"580","nonpublic",1
"581","normal",1
"582","notices",1
"583","npackageclass",1
"584","nullpointerexception",1
"585","nullterminated",1
"586","number",1
"587","objecta",1
"588","objectgeneral",1
"589","objectit",1
"590","objectoperators",1
"591","objectprimitive",1
"592","objmember",1
"593","objmethodargs",1
"594","observation",1
"595","obtained",1
"596","octal",1
"597","often",1
"598","old",1
"599","onetwo",1
"600","operating",1
"601","operations",1
"602","optionally",1
"603","order",1
"604","outside",1
"605","override",1
"606","owner",1
"607","package",1
"608","packageobj",1
"609","page",1
"610","painting",1
"611","paramtest",1
"612","perform",1
"613","performs",1
"614","phase",1
"615","place",1
"616","places",1
"617","platformsecurity",1
"618","plus",1
"619","pointed",1
"620","port",1
"621","portability",1
"622","portions",1
"623","potential",1
"624","preceded",1
"625","precedence",1
"626","preexisting",1
"627","present",1
"628","pretend",1
"629","priority",1
"630","problems",1
"631","processed",1
"632","proper",1
"633","provided",1
"634","publicly",1
"635","purely",1
"636","push",1
"637","put",1
"638","qualifiedid",1
"639","quit",1
"640","quitting",1
"641","real",1
"642","redrawn",1
"643","reduces",1
"644","referred",1
"645","referring",1
"646","related",1
"647","relieving",1
"648","remains",1
"649","removed",1
"650","removes",1
"651","representation",1
"652","requires",1
"653","reserve",1
"654","respond",1
"655","restrictions",1
"656","results",1
"657","returns",1
"658","revisited",1
"659","rewrite",1
"660","rightshift",1
"661","run",1
"662","runningjava",1
"663","runs",1
"664","say",1
"665","scoped",1
"666","scrollbars",1
"667","searches",1
"668","sections",1
"669","semanticsportability",1
"670","sends",1
"671","separate",1
"672","sequence",1
"673","serve",1
"674","several",1
"675","shallow",1
"676","short",1
"677","signature",1
"678","signedobjects",1
"679","singleline",1
"680","size",1
"681","sizeof",1
"682","sizes",1
"683","software",1
"684","something",1
"685","specific",1
"686","specifically",1
"687","specified",1
"688","spush",1
"689","spushgarbage",1
"690","square",1
"691","stale",1
"692","standalone",1
"693","startingclassnamemain",1
"694","stats",1
"695","still",1
"696","stored",1
"697","storing",1
"698","stringa",1
"699","stringbuffer",1
"700","stringvalueof",1
"701","struct",1
"702","structs",1
"703","super",1
"704","superclass",1
"705","superclone",1
"706","superdispose",1
"707","surrounding",1
"708","symbol",1
"709","systemoutprintlnhi",1
"710","systemoutprintlnwidth",1
"711","systems",1
"712","table",1
"713","takes",1
"714","tconstructorargs",1
"715","tedious",1
"716","tefg",1
"717","tells",1
"718","ten",1
"719","terence",1
"720","terminates",1
"721","testcomments",1
"722","thereby",1
"723","theyre",1
"724","things",1
"725","think",1
"726","thisd",1
"727","thread",1
"728","three",1
"729","tmethod",1
"730","tmethodstatements",1
"731","together",1
"732","topics",1
"733","tostring",1
"734","translated",1
"735","translates",1
"736","treated",1
"737","trivial",1
"738","trivialapplicationclass",1
"739","truefalse",1
"740","trueno",1
"741","try",1
"742","typesprimitive",1
"743","uae",1
"744","undefined",1
"745","unnecessarily",1
"746","upperleft",1
"747","usea",1
"748","useful",1
"749","userdefined",1
"750","uses",1
"751","validthere",1
"752","valuetest",1
"753","valuev",1
"754","variablelength",1
"755","versions",1
"756","via",1
"757","view",1
"758","virtually",1
"759","viruses",1
"760","visible",1
"761","vspace",1
"762","well",1
"763","whenever",1
"764","widthw",1
"765","windowmanager",1
"766","zeroextend",1
